diameter, x, y, z
3,-1.00000000000000,0.000000000000000,1
3,0.000000000000000,-1.00000000000000,1
3,0.000000000000000,0.000000000000000,1
3,0.000000000000000,1.00000000000000,1
3,1.00000000000000,0.000000000000000,1
4,-0.500000000000000,-0.500000000000000,1
4,-0.500000000000000,0.500000000000000,1
4,0.500000000000000,-0.500000000000000,1
4,0.500000000000000,0.500000000000000,1
5,-2.00000000000000,0.000000000000000,1
5,-1.00000000000000,-1.00000000000000,1
5,-1.00000000000000,0.000000000000000,2
5,-1.00000000000000,1.00000000000000,1
5,0.000000000000000,-2.00000000000000,1
5,0.000000000000000,-1.00000000000000,2,
5,0.000000000000000,0.000000000000000,2,
5,0.000000000000000,1.00000000000000,2,
5,0.000000000000000,2.00000000000000,1,
5,1.00000000000000,-1.00000000000000,1,
5,1.00000000000000,0.000000000000000,2,
5,1.00000000000000,1.00000000000000,1,
5,2.00000000000000,0.000000000000000,1,
6,-1.50000000000000,-1.50000000000000,2,
6,-1.50000000000000,-0.500000000000000,3,
6,-1.50000000000000,0.500000000000000,3,
6,-1.50000000000000,1.50000000000000,2,
6,-0.500000000000000,-1.50000000000000,3,
6,-0.500000000000000,-0.500000000000000,4,
6,-0.500000000000000,0.500000000000000,4,
6,-0.500000000000000,1.50000000000000,3,
6,0.500000000000000,-1.50000000000000,3,
6,0.500000000000000,-0.500000000000000,4,
6,0.500000000000000,0.500000000000000,4,
6,0.500000000000000,1.50000000000000,3,
6,1.50000000000000,-1.50000000000000,2,
6,1.50000000000000,-0.500000000000000,3,
6,1.50000000000000,0.500000000000000,3,
6,1.50000000000000,1.50000000000000,2,
7,-3.00000000000000,0.000000000000000,1,
7,-2.00000000000000,-2.00000000000000,2,
7,-2.00000000000000,-1.00000000000000,3,
7,-2.00000000000000,0.000000000000000,3,
7,-2.00000000000000,1.00000000000000,3,
7,-2.00000000000000,2.00000000000000,2,
7,-1.00000000000000,-2.00000000000000,3,
7,-1.00000000000000,-1.00000000000000,4,
7,-1.00000000000000,0.000000000000000,4,
7,-1.00000000000000,1.00000000000000,4,
7,-1.00000000000000,2.00000000000000,3,
7,0.000000000000000,-3.00000000000000,1,
7,0.000000000000000,-2.00000000000000,3,
7,0.000000000000000,-1.00000000000000,4,
7,0.000000000000000,0.000000000000000,4,
7,0.000000000000000,1.00000000000000,4,
7,0.000000000000000,2.00000000000000,3,
7,0.000000000000000,3.00000000000000,1,
7,1.00000000000000,-2.00000000000000,3,
7,1.00000000000000,-1.00000000000000,4,
7,1.00000000000000,0.000000000000000,4,
7,1.00000000000000,1.00000000000000,4,
7,1.00000000000000,2.00000000000000,3,
7,2.00000000000000,-2.00000000000000,2,
7,2.00000000000000,-1.00000000000000,3,
7,2.00000000000000,0.000000000000000,3,
7,2.00000000000000,1.00000000000000,3,
7,2.00000000000000,2.00000000000000,2,
7,3.00000000000000,0.000000000000000,1,
8,-2.50000000000000,-1.50000000000000,3,
8,-2.50000000000000,-0.500000000000000,4,
8,-2.50000000000000,0.500000000000000,4,
8,-2.50000000000000,1.50000000000000,3,
8,-1.50000000000000,-2.50000000000000,3,
8,-1.50000000000000,-1.50000000000000,5,
8,-1.50000000000000,-0.500000000000000,6,
8,-1.50000000000000,0.500000000000000,6,
8,-1.50000000000000,1.50000000000000,5,
8,-1.50000000000000,2.50000000000000,3,
8,-0.500000000000000,-2.50000000000000,4,
8,-0.500000000000000,-1.50000000000000,6,
8,-0.500000000000000,-0.500000000000000,7,
8,-0.500000000000000,0.500000000000000,7,
8,-0.500000000000000,1.50000000000000,6,
8,-0.500000000000000,2.50000000000000,4,
8,0.500000000000000,-2.50000000000000,4,
8,0.500000000000000,-1.50000000000000,6,
8,0.500000000000000,-0.500000000000000,7,
8,0.500000000000000,0.500000000000000,7,
8,0.500000000000000,1.50000000000000,6,
8,0.500000000000000,2.50000000000000,4,
8,1.50000000000000,-2.50000000000000,3,
8,1.50000000000000,-1.50000000000000,5,
8,1.50000000000000,-0.500000000000000,6,
8,1.50000000000000,0.500000000000000,6,
8,1.50000000000000,1.50000000000000,5,
8,1.50000000000000,2.50000000000000,3,
8,2.50000000000000,-1.50000000000000,3,
8,2.50000000000000,-0.500000000000000,4,
8,2.50000000000000,0.500000000000000,4,
8,2.50000000000000,1.50000000000000,3,
9,-4.00000000000000,0.000000000000000,2,
9,-3.00000000000000,-2.00000000000000,3,
9,-3.00000000000000,-1.00000000000000,4,
9,-3.00000000000000,0.000000000000000,5,
9,-3.00000000000000,1.00000000000000,4,
9,-3.00000000000000,2.00000000000000,3,
9,-2.00000000000000,-3.00000000000000,3,
9,-2.00000000000000,-2.00000000000000,5,
9,-2.00000000000000,-1.00000000000000,6,
9,-2.00000000000000,0.000000000000000,7,
9,-2.00000000000000,1.00000000000000,6,
9,-2.00000000000000,2.00000000000000,5,
9,-2.00000000000000,3.00000000000000,3,
9,-1.00000000000000,-3.00000000000000,4,
9,-1.00000000000000,-2.00000000000000,6,
9,-1.00000000000000,-1.00000000000000,7,
9,-1.00000000000000,0.000000000000000,8,
9,-1.00000000000000,1.00000000000000,7,
9,-1.00000000000000,2.00000000000000,6,
9,-1.00000000000000,3.00000000000000,4,
9,0.000000000000000,-4.00000000000000,2,
9,0.000000000000000,-3.00000000000000,5,
9,0.000000000000000,-2.00000000000000,7,
9,0.000000000000000,-1.00000000000000,8,
9,0.000000000000000,0.000000000000000,8,
9,0.000000000000000,1.00000000000000,8,
9,0.000000000000000,2.00000000000000,7,
9,0.000000000000000,3.00000000000000,5,
9,0.000000000000000,4.00000000000000,2,
9,1.00000000000000,-3.00000000000000,4,
9,1.00000000000000,-2.00000000000000,6,
9,1.00000000000000,-1.00000000000000,7,
9,1.00000000000000,0.000000000000000,8,
9,1.00000000000000,1.00000000000000,7,
9,1.00000000000000,2.00000000000000,6,
9,1.00000000000000,3.00000000000000,4,
9,2.00000000000000,-3.00000000000000,3,
9,2.00000000000000,-2.00000000000000,5,
9,2.00000000000000,-1.00000000000000,6,
9,2.00000000000000,0.000000000000000,7,
9,2.00000000000000,1.00000000000000,6,
9,2.00000000000000,2.00000000000000,5,
9,2.00000000000000,3.00000000000000,3,
9,3.00000000000000,-2.00000000000000,3,
9,3.00000000000000,-1.00000000000000,4,
9,3.00000000000000,0.000000000000000,5,
9,3.00000000000000,1.00000000000000,4,
9,3.00000000000000,2.00000000000000,3,
9,4.00000000000000,0.000000000000000,2,
10,-3.50000000000000,-2.50000000000000,3,
10,-3.50000000000000,-1.50000000000000,4,
10,-3.50000000000000,-0.500000000000000,5,
10,-3.50000000000000,0.500000000000000,5,
10,-3.50000000000000,1.50000000000000,4,
10,-3.50000000000000,2.50000000000000,3,
10,-2.50000000000000,-3.50000000000000,3,
10,-2.50000000000000,-2.50000000000000,6,
10,-2.50000000000000,-1.50000000000000,8,
10,-2.50000000000000,-0.500000000000000,9,
10,-2.50000000000000,0.500000000000000,9,
10,-2.50000000000000,1.50000000000000,8,
10,-2.50000000000000,2.50000000000000,6,
10,-2.50000000000000,3.50000000000000,3,
10,-1.50000000000000,-3.50000000000000,4,
10,-1.50000000000000,-2.50000000000000,8,
10,-1.50000000000000,-1.50000000000000,10,
10,-1.50000000000000,-0.500000000000000,11,
10,-1.50000000000000,0.500000000000000,11,
10,-1.50000000000000,1.50000000000000,10,
10,-1.50000000000000,2.50000000000000,8,
10,-1.50000000000000,3.50000000000000,4,
10,-0.500000000000000,-3.50000000000000,5,
10,-0.500000000000000,-2.50000000000000,9,
10,-0.500000000000000,-1.50000000000000,11,
10,-0.500000000000000,-0.500000000000000,12,
10,-0.500000000000000,0.500000000000000,12,
10,-0.500000000000000,1.50000000000000,11,
10,-0.500000000000000,2.50000000000000,9,
10,-0.500000000000000,3.50000000000000,5,
10,0.500000000000000,-3.50000000000000,5,
10,0.500000000000000,-2.50000000000000,9,
10,0.500000000000000,-1.50000000000000,11,
10,0.500000000000000,-0.500000000000000,12,
10,0.500000000000000,0.500000000000000,12,
10,0.500000000000000,1.50000000000000,11,
10,0.500000000000000,2.50000000000000,9,
10,0.500000000000000,3.50000000000000,5,
10,1.50000000000000,-3.50000000000000,4,
10,1.50000000000000,-2.50000000000000,8,
10,1.50000000000000,-1.50000000000000,10,
10,1.50000000000000,-0.500000000000000,11,
10,1.50000000000000,0.500000000000000,11,
10,1.50000000000000,1.50000000000000,10,
10,1.50000000000000,2.50000000000000,8,
10,1.50000000000000,3.50000000000000,4,
10,2.50000000000000,-3.50000000000000,3,
10,2.50000000000000,-2.50000000000000,6,
10,2.50000000000000,-1.50000000000000,8,
10,2.50000000000000,-0.500000000000000,9,
10,2.50000000000000,0.500000000000000,9,
10,2.50000000000000,1.50000000000000,8,
10,2.50000000000000,2.50000000000000,6,
10,2.50000000000000,3.50000000000000,3,
10,3.50000000000000,-2.50000000000000,3,
10,3.50000000000000,-1.50000000000000,4,
10,3.50000000000000,-0.500000000000000,5,
10,3.50000000000000,0.500000000000000,5,
10,3.50000000000000,1.50000000000000,4,
10,3.50000000000000,2.50000000000000,3,
11,-5.00000000000000,0.000000000000000,2,
11,-4.00000000000000,-3.00000000000000,3,
11,-4.00000000000000,-2.00000000000000,4,
11,-4.00000000000000,-1.00000000000000,5,
11,-4.00000000000000,0.000000000000000,6,
11,-4.00000000000000,1.00000000000000,5,
11,-4.00000000000000,2.00000000000000,4,
11,-4.00000000000000,3.00000000000000,3,
11,-3.00000000000000,-4.00000000000000,3,
11,-3.00000000000000,-3.00000000000000,6,
11,-3.00000000000000,-2.00000000000000,8,
11,-3.00000000000000,-1.00000000000000,9,
11,-3.00000000000000,0.000000000000000,9,
11,-3.00000000000000,1.00000000000000,9,
11,-3.00000000000000,2.00000000000000,8,
11,-3.00000000000000,3.00000000000000,6,
11,-3.00000000000000,4.00000000000000,3,
11,-2.00000000000000,-4.00000000000000,4,
11,-2.00000000000000,-3.00000000000000,8,
11,-2.00000000000000,-2.00000000000000,10,
11,-2.00000000000000,-1.00000000000000,11,
11,-2.00000000000000,0.000000000000000,11,
11,-2.00000000000000,1.00000000000000,11,
11,-2.00000000000000,2.00000000000000,10,
11,-2.00000000000000,3.00000000000000,8,
11,-2.00000000000000,4.00000000000000,4,
11,-1.00000000000000,-4.00000000000000,5,
11,-1.00000000000000,-3.00000000000000,9,
11,-1.00000000000000,-2.00000000000000,11,
11,-1.00000000000000,-1.00000000000000,12,
11,-1.00000000000000,0.000000000000000,12,
11,-1.00000000000000,1.00000000000000,12,
11,-1.00000000000000,2.00000000000000,11,
11,-1.00000000000000,3.00000000000000,9,
11,-1.00000000000000,4.00000000000000,5,
11,0.000000000000000,-5.00000000000000,2,
11,0.000000000000000,-4.00000000000000,6,
11,0.000000000000000,-3.00000000000000,9,
11,0.000000000000000,-2.00000000000000,11,
11,0.000000000000000,-1.00000000000000,12,
11,0.000000000000000,0.000000000000000,12,
11,0.000000000000000,1.00000000000000,12,
11,0.000000000000000,2.00000000000000,11,
11,0.000000000000000,3.00000000000000,9,
11,0.000000000000000,4.00000000000000,6,
11,0.000000000000000,5.00000000000000,2,
11,1.00000000000000,-4.00000000000000,5,
11,1.00000000000000,-3.00000000000000,9,
11,1.00000000000000,-2.00000000000000,11,
11,1.00000000000000,-1.00000000000000,12,
11,1.00000000000000,0.000000000000000,12,
11,1.00000000000000,1.00000000000000,12,
11,1.00000000000000,2.00000000000000,11,
11,1.00000000000000,3.00000000000000,9,
11,1.00000000000000,4.00000000000000,5,
11,2.00000000000000,-4.00000000000000,4,
11,2.00000000000000,-3.00000000000000,8,
11,2.00000000000000,-2.00000000000000,10,
11,2.00000000000000,-1.00000000000000,11,
11,2.00000000000000,0.000000000000000,11,
11,2.00000000000000,1.00000000000000,11,
11,2.00000000000000,2.00000000000000,10,
11,2.00000000000000,3.00000000000000,8,
11,2.00000000000000,4.00000000000000,4,
11,3.00000000000000,-4.00000000000000,3,
11,3.00000000000000,-3.00000000000000,6,
11,3.00000000000000,-2.00000000000000,8,
11,3.00000000000000,-1.00000000000000,9,
11,3.00000000000000,0.000000000000000,9,
11,3.00000000000000,1.00000000000000,9,
11,3.00000000000000,2.00000000000000,8,
11,3.00000000000000,3.00000000000000,6,
11,3.00000000000000,4.00000000000000,3,
11,4.00000000000000,-3.00000000000000,3,
11,4.00000000000000,-2.00000000000000,4,
11,4.00000000000000,-1.00000000000000,5,
11,4.00000000000000,0.000000000000000,6,
11,4.00000000000000,1.00000000000000,5,
11,4.00000000000000,2.00000000000000,4,
11,4.00000000000000,3.00000000000000,3,
11,5.00000000000000,0.000000000000000,2,
12,-4.50000000000000,-2.50000000000000,4,
12,-4.50000000000000,-1.50000000000000,5,
12,-4.50000000000000,-0.500000000000000,6,
12,-4.50000000000000,0.500000000000000,6,
12,-4.50000000000000,1.50000000000000,5,
12,-4.50000000000000,2.50000000000000,4,
12,-3.50000000000000,-3.50000000000000,4,
12,-3.50000000000000,-2.50000000000000,8,
12,-3.50000000000000,-1.50000000000000,10,
12,-3.50000000000000,-0.500000000000000,11,
12,-3.50000000000000,0.500000000000000,11,
12,-3.50000000000000,1.50000000000000,10,
12,-3.50000000000000,2.50000000000000,8,
12,-3.50000000000000,3.50000000000000,4,
12,-2.50000000000000,-4.50000000000000,4,
12,-2.50000000000000,-3.50000000000000,8,
12,-2.50000000000000,-2.50000000000000,11,
12,-2.50000000000000,-1.50000000000000,13,
12,-2.50000000000000,-0.500000000000000,14,
12,-2.50000000000000,0.500000000000000,14,
12,-2.50000000000000,1.50000000000000,13,
12,-2.50000000000000,2.50000000000000,11,
12,-2.50000000000000,3.50000000000000,8,
12,-2.50000000000000,4.50000000000000,4,
12,-1.50000000000000,-4.50000000000000,5,
12,-1.50000000000000,-3.50000000000000,10,
12,-1.50000000000000,-2.50000000000000,13,
12,-1.50000000000000,-1.50000000000000,15,
12,-1.50000000000000,-0.500000000000000,16,
12,-1.50000000000000,0.500000000000000,16,
12,-1.50000000000000,1.50000000000000,15,
12,-1.50000000000000,2.50000000000000,13,
12,-1.50000000000000,3.50000000000000,10,
12,-1.50000000000000,4.50000000000000,5,
12,-0.500000000000000,-4.50000000000000,6,
12,-0.500000000000000,-3.50000000000000,11,
12,-0.500000000000000,-2.50000000000000,14,
12,-0.500000000000000,-1.50000000000000,16,
12,-0.500000000000000,-0.500000000000000,17,
12,-0.500000000000000,0.500000000000000,17,
12,-0.500000000000000,1.50000000000000,16,
12,-0.500000000000000,2.50000000000000,14,
12,-0.500000000000000,3.50000000000000,11,
12,-0.500000000000000,4.50000000000000,6,
12,0.500000000000000,-4.50000000000000,6,
12,0.500000000000000,-3.50000000000000,11,
12,0.500000000000000,-2.50000000000000,14,
12,0.500000000000000,-1.50000000000000,16,
12,0.500000000000000,-0.500000000000000,17,
12,0.500000000000000,0.500000000000000,17,
12,0.500000000000000,1.50000000000000,16,
12,0.500000000000000,2.50000000000000,14,
12,0.500000000000000,3.50000000000000,11,
12,0.500000000000000,4.50000000000000,6,
12,1.50000000000000,-4.50000000000000,5,
12,1.50000000000000,-3.50000000000000,10,
12,1.50000000000000,-2.50000000000000,13,
12,1.50000000000000,-1.50000000000000,15,
12,1.50000000000000,-0.500000000000000,16,
12,1.50000000000000,0.500000000000000,16,
12,1.50000000000000,1.50000000000000,15,
12,1.50000000000000,2.50000000000000,13,
12,1.50000000000000,3.50000000000000,10,
12,1.50000000000000,4.50000000000000,5,
12,2.50000000000000,-4.50000000000000,4,
12,2.50000000000000,-3.50000000000000,8,
12,2.50000000000000,-2.50000000000000,11,
12,2.50000000000000,-1.50000000000000,13,
12,2.50000000000000,-0.500000000000000,14,
12,2.50000000000000,0.500000000000000,14,
12,2.50000000000000,1.50000000000000,13,
12,2.50000000000000,2.50000000000000,11,
12,2.50000000000000,3.50000000000000,8,
12,2.50000000000000,4.50000000000000,4,
12,3.50000000000000,-3.50000000000000,4,
12,3.50000000000000,-2.50000000000000,8,
12,3.50000000000000,-1.50000000000000,10,
12,3.50000000000000,-0.500000000000000,11,
12,3.50000000000000,0.500000000000000,11,
12,3.50000000000000,1.50000000000000,10,
12,3.50000000000000,2.50000000000000,8,
12,3.50000000000000,3.50000000000000,4,
12,4.50000000000000,-2.50000000000000,4,
12,4.50000000000000,-1.50000000000000,5,
12,4.50000000000000,-0.500000000000000,6,
12,4.50000000000000,0.500000000000000,6,
12,4.50000000000000,1.50000000000000,5,
12,4.50000000000000,2.50000000000000,4,
13,-6.00000000000000,0.000000000000000,2,
13,-5.00000000000000,-3.00000000000000,4,
13,-5.00000000000000,-2.00000000000000,5,
13,-5.00000000000000,-1.00000000000000,6,
13,-5.00000000000000,0.000000000000000,7,
13,-5.00000000000000,1.00000000000000,6,
13,-5.00000000000000,2.00000000000000,5,
13,-5.00000000000000,3.00000000000000,4,
13,-4.00000000000000,-4.00000000000000,4,
13,-4.00000000000000,-3.00000000000000,8,
13,-4.00000000000000,-2.00000000000000,10,
13,-4.00000000000000,-1.00000000000000,11,
13,-4.00000000000000,0.000000000000000,11,
13,-4.00000000000000,1.00000000000000,11,
13,-4.00000000000000,2.00000000000000,10,
13,-4.00000000000000,3.00000000000000,8,
13,-4.00000000000000,4.00000000000000,4,
13,-3.00000000000000,-5.00000000000000,4,
13,-3.00000000000000,-4.00000000000000,8,
13,-3.00000000000000,-3.00000000000000,11,
13,-3.00000000000000,-2.00000000000000,13,
13,-3.00000000000000,-1.00000000000000,14,
13,-3.00000000000000,0.000000000000000,14,
13,-3.00000000000000,1.00000000000000,14,
13,-3.00000000000000,2.00000000000000,13,
13,-3.00000000000000,3.00000000000000,11,
13,-3.00000000000000,4.00000000000000,8,
13,-3.00000000000000,5.00000000000000,4,
13,-2.00000000000000,-5.00000000000000,5,
13,-2.00000000000000,-4.00000000000000,10,
13,-2.00000000000000,-3.00000000000000,13,
13,-2.00000000000000,-2.00000000000000,15,
13,-2.00000000000000,-1.00000000000000,16,
13,-2.00000000000000,0.000000000000000,16,
13,-2.00000000000000,1.00000000000000,16,
13,-2.00000000000000,2.00000000000000,15,
13,-2.00000000000000,3.00000000000000,13,
13,-2.00000000000000,4.00000000000000,10,
13,-2.00000000000000,5.00000000000000,5,
13,-1.00000000000000,-5.00000000000000,6,
13,-1.00000000000000,-4.00000000000000,11,
13,-1.00000000000000,-3.00000000000000,14,
13,-1.00000000000000,-2.00000000000000,16,
13,-1.00000000000000,-1.00000000000000,17,
13,-1.00000000000000,0.000000000000000,17,
13,-1.00000000000000,1.00000000000000,17,
13,-1.00000000000000,2.00000000000000,16,
13,-1.00000000000000,3.00000000000000,14,
13,-1.00000000000000,4.00000000000000,11,
13,-1.00000000000000,5.00000000000000,6,
13,0.000000000000000,-6.00000000000000,2,
13,0.000000000000000,-5.00000000000000,7,
13,0.000000000000000,-4.00000000000000,11,
13,0.000000000000000,-3.00000000000000,14,
13,0.000000000000000,-2.00000000000000,16,
13,0.000000000000000,-1.00000000000000,17,
13,0.000000000000000,0.000000000000000,17,
13,0.000000000000000,1.00000000000000,17,
13,0.000000000000000,2.00000000000000,16,
13,0.000000000000000,3.00000000000000,14,
13,0.000000000000000,4.00000000000000,11,
13,0.000000000000000,5.00000000000000,7,
13,0.000000000000000,6.00000000000000,2,
13,1.00000000000000,-5.00000000000000,6,
13,1.00000000000000,-4.00000000000000,11,
13,1.00000000000000,-3.00000000000000,14,
13,1.00000000000000,-2.00000000000000,16,
13,1.00000000000000,-1.00000000000000,17,
13,1.00000000000000,0.000000000000000,17,
13,1.00000000000000,1.00000000000000,17,
13,1.00000000000000,2.00000000000000,16,
13,1.00000000000000,3.00000000000000,14,
13,1.00000000000000,4.00000000000000,11,
13,1.00000000000000,5.00000000000000,6,
13,2.00000000000000,-5.00000000000000,5,
13,2.00000000000000,-4.00000000000000,10,
13,2.00000000000000,-3.00000000000000,13,
13,2.00000000000000,-2.00000000000000,15,
13,2.00000000000000,-1.00000000000000,16,
13,2.00000000000000,0.000000000000000,16,
13,2.00000000000000,1.00000000000000,16,
13,2.00000000000000,2.00000000000000,15,
13,2.00000000000000,3.00000000000000,13,
13,2.00000000000000,4.00000000000000,10,
13,2.00000000000000,5.00000000000000,5,
13,3.00000000000000,-5.00000000000000,4,
13,3.00000000000000,-4.00000000000000,8,
13,3.00000000000000,-3.00000000000000,11,
13,3.00000000000000,-2.00000000000000,13,
13,3.00000000000000,-1.00000000000000,14,
13,3.00000000000000,0.000000000000000,14,
13,3.00000000000000,1.00000000000000,14,
13,3.00000000000000,2.00000000000000,13,
13,3.00000000000000,3.00000000000000,11,
13,3.00000000000000,4.00000000000000,8,
13,3.00000000000000,5.00000000000000,4,
13,4.00000000000000,-4.00000000000000,4,
13,4.00000000000000,-3.00000000000000,8,
13,4.00000000000000,-2.00000000000000,10,
13,4.00000000000000,-1.00000000000000,11,
13,4.00000000000000,0.000000000000000,11,
13,4.00000000000000,1.00000000000000,11,
13,4.00000000000000,2.00000000000000,10,
13,4.00000000000000,3.00000000000000,8,
13,4.00000000000000,4.00000000000000,4,
13,5.00000000000000,-3.00000000000000,4,
13,5.00000000000000,-2.00000000000000,5,
13,5.00000000000000,-1.00000000000000,6,
13,5.00000000000000,0.000000000000000,7,
13,5.00000000000000,1.00000000000000,6,
13,5.00000000000000,2.00000000000000,5,
13,5.00000000000000,3.00000000000000,4,
13,6.00000000000000,0.000000000000000,2,
14,-5.50000000000000,-2.50000000000000,4,
14,-5.50000000000000,-1.50000000000000,6,
14,-5.50000000000000,-0.500000000000000,7,
14,-5.50000000000000,0.500000000000000,7,
14,-5.50000000000000,1.50000000000000,6,
14,-5.50000000000000,2.50000000000000,4,
14,-4.50000000000000,-4.50000000000000,4,
14,-4.50000000000000,-3.50000000000000,7,
14,-4.50000000000000,-2.50000000000000,10,
14,-4.50000000000000,-1.50000000000000,12,
14,-4.50000000000000,-0.500000000000000,13,
14,-4.50000000000000,0.500000000000000,13,
14,-4.50000000000000,1.50000000000000,12,
14,-4.50000000000000,2.50000000000000,10,
14,-4.50000000000000,3.50000000000000,7,
14,-4.50000000000000,4.50000000000000,4,
14,-3.50000000000000,-4.50000000000000,7,
14,-3.50000000000000,-3.50000000000000,11,
14,-3.50000000000000,-2.50000000000000,14,
14,-3.50000000000000,-1.50000000000000,16,
14,-3.50000000000000,-0.500000000000000,17,
14,-3.50000000000000,0.500000000000000,17,
14,-3.50000000000000,1.50000000000000,16,
14,-3.50000000000000,2.50000000000000,14,
14,-3.50000000000000,3.50000000000000,11,
14,-3.50000000000000,4.50000000000000,7,
14,-2.50000000000000,-5.50000000000000,4,
14,-2.50000000000000,-4.50000000000000,10,
14,-2.50000000000000,-3.50000000000000,14,
14,-2.50000000000000,-2.50000000000000,17,
14,-2.50000000000000,-1.50000000000000,19,
14,-2.50000000000000,-0.500000000000000,20,
14,-2.50000000000000,0.500000000000000,20,
14,-2.50000000000000,1.50000000000000,19,
14,-2.50000000000000,2.50000000000000,17,
14,-2.50000000000000,3.50000000000000,14,
14,-2.50000000000000,4.50000000000000,10,
14,-2.50000000000000,5.50000000000000,4,
14,-1.50000000000000,-5.50000000000000,6,
14,-1.50000000000000,-4.50000000000000,12,
14,-1.50000000000000,-3.50000000000000,16,
14,-1.50000000000000,-2.50000000000000,19,
14,-1.50000000000000,-1.50000000000000,21,
14,-1.50000000000000,-0.500000000000000,22,
14,-1.50000000000000,0.500000000000000,22,
14,-1.50000000000000,1.50000000000000,21,
14,-1.50000000000000,2.50000000000000,19,
14,-1.50000000000000,3.50000000000000,16,
14,-1.50000000000000,4.50000000000000,12,
14,-1.50000000000000,5.50000000000000,6,
14,-0.500000000000000,-5.50000000000000,7,
14,-0.500000000000000,-4.50000000000000,13,
14,-0.500000000000000,-3.50000000000000,17,
14,-0.500000000000000,-2.50000000000000,20,
14,-0.500000000000000,-1.50000000000000,22,
14,-0.500000000000000,-0.500000000000000,23,
14,-0.500000000000000,0.500000000000000,23,
14,-0.500000000000000,1.50000000000000,22,
14,-0.500000000000000,2.50000000000000,20,
14,-0.500000000000000,3.50000000000000,17,
14,-0.500000000000000,4.50000000000000,13,
14,-0.500000000000000,5.50000000000000,7,
14,0.500000000000000,-5.50000000000000,7,
14,0.500000000000000,-4.50000000000000,13,
14,0.500000000000000,-3.50000000000000,17,
14,0.500000000000000,-2.50000000000000,20,
14,0.500000000000000,-1.50000000000000,22,
14,0.500000000000000,-0.500000000000000,23,
14,0.500000000000000,0.500000000000000,23,
14,0.500000000000000,1.50000000000000,22,
14,0.500000000000000,2.50000000000000,20,
14,0.500000000000000,3.50000000000000,17,
14,0.500000000000000,4.50000000000000,13,
14,0.500000000000000,5.50000000000000,7,
14,1.50000000000000,-5.50000000000000,6,
14,1.50000000000000,-4.50000000000000,12,
14,1.50000000000000,-3.50000000000000,16,
14,1.50000000000000,-2.50000000000000,19,
14,1.50000000000000,-1.50000000000000,21,
14,1.50000000000000,-0.500000000000000,22,
14,1.50000000000000,0.500000000000000,22,
14,1.50000000000000,1.50000000000000,21,
14,1.50000000000000,2.50000000000000,19,
14,1.50000000000000,3.50000000000000,16,
14,1.50000000000000,4.50000000000000,12,
14,1.50000000000000,5.50000000000000,6,
14,2.50000000000000,-5.50000000000000,4,
14,2.50000000000000,-4.50000000000000,10,
14,2.50000000000000,-3.50000000000000,14,
14,2.50000000000000,-2.50000000000000,17,
14,2.50000000000000,-1.50000000000000,19,
14,2.50000000000000,-0.500000000000000,20,
14,2.50000000000000,0.500000000000000,20,
14,2.50000000000000,1.50000000000000,19,
14,2.50000000000000,2.50000000000000,17,
14,2.50000000000000,3.50000000000000,14,
14,2.50000000000000,4.50000000000000,10,
14,2.50000000000000,5.50000000000000,4,
14,3.50000000000000,-4.50000000000000,7,
14,3.50000000000000,-3.50000000000000,11,
14,3.50000000000000,-2.50000000000000,14,
14,3.50000000000000,-1.50000000000000,16,
14,3.50000000000000,-0.500000000000000,17,
14,3.50000000000000,0.500000000000000,17,
14,3.50000000000000,1.50000000000000,16,
14,3.50000000000000,2.50000000000000,14,
14,3.50000000000000,3.50000000000000,11,
14,3.50000000000000,4.50000000000000,7,
14,4.50000000000000,-4.50000000000000,4,
14,4.50000000000000,-3.50000000000000,7,
14,4.50000000000000,-2.50000000000000,10,
14,4.50000000000000,-1.50000000000000,12,
14,4.50000000000000,-0.500000000000000,13,
14,4.50000000000000,0.500000000000000,13,
14,4.50000000000000,1.50000000000000,12,
14,4.50000000000000,2.50000000000000,10,
14,4.50000000000000,3.50000000000000,7,
14,4.50000000000000,4.50000000000000,4,
14,5.50000000000000,-2.50000000000000,4,
14,5.50000000000000,-1.50000000000000,6,
14,5.50000000000000,-0.500000000000000,7,
14,5.50000000000000,0.500000000000000,7,
14,5.50000000000000,1.50000000000000,6,
14,5.50000000000000,2.50000000000000,4,
15,-7.00000000000000,0.000000000000000,2,
15,-6.00000000000000,-3.00000000000000,4,
15,-6.00000000000000,-2.00000000000000,6,
15,-6.00000000000000,-1.00000000000000,7,
15,-6.00000000000000,0.000000000000000,8,
15,-6.00000000000000,1.00000000000000,7,
15,-6.00000000000000,2.00000000000000,6,
15,-6.00000000000000,3.00000000000000,4,
15,-5.00000000000000,-4.00000000000000,5,
15,-5.00000000000000,-3.00000000000000,9,
15,-5.00000000000000,-2.00000000000000,11,
15,-5.00000000000000,-1.00000000000000,12,
15,-5.00000000000000,0.000000000000000,13,
15,-5.00000000000000,1.00000000000000,12,
15,-5.00000000000000,2.00000000000000,11,
15,-5.00000000000000,3.00000000000000,9,
15,-5.00000000000000,4.00000000000000,5,
15,-4.00000000000000,-5.00000000000000,5,
15,-4.00000000000000,-4.00000000000000,9,
15,-4.00000000000000,-3.00000000000000,13,
15,-4.00000000000000,-2.00000000000000,15,
15,-4.00000000000000,-1.00000000000000,16,
15,-4.00000000000000,0.000000000000000,17,
15,-4.00000000000000,1.00000000000000,16,
15,-4.00000000000000,2.00000000000000,15,
15,-4.00000000000000,3.00000000000000,13,
15,-4.00000000000000,4.00000000000000,9,
15,-4.00000000000000,5.00000000000000,5,
15,-3.00000000000000,-6.00000000000000,4,
15,-3.00000000000000,-5.00000000000000,9,
15,-3.00000000000000,-4.00000000000000,13,
15,-3.00000000000000,-3.00000000000000,16,
15,-3.00000000000000,-2.00000000000000,18,
15,-3.00000000000000,-1.00000000000000,19,
15,-3.00000000000000,0.000000000000000,20,
15,-3.00000000000000,1.00000000000000,19,
15,-3.00000000000000,2.00000000000000,18,
15,-3.00000000000000,3.00000000000000,16,
15,-3.00000000000000,4.00000000000000,13,
15,-3.00000000000000,5.00000000000000,9,
15,-3.00000000000000,6.00000000000000,4,
15,-2.00000000000000,-6.00000000000000,6,
15,-2.00000000000000,-5.00000000000000,11,
15,-2.00000000000000,-4.00000000000000,15,
15,-2.00000000000000,-3.00000000000000,18,
15,-2.00000000000000,-2.00000000000000,20,
15,-2.00000000000000,-1.00000000000000,21,
15,-2.00000000000000,0.000000000000000,22,
15,-2.00000000000000,1.00000000000000,21,
15,-2.00000000000000,2.00000000000000,20,
15,-2.00000000000000,3.00000000000000,18,
15,-2.00000000000000,4.00000000000000,15,
15,-2.00000000000000,5.00000000000000,11,
15,-2.00000000000000,6.00000000000000,6,
15,-1.00000000000000,-6.00000000000000,7,
15,-1.00000000000000,-5.00000000000000,12,
15,-1.00000000000000,-4.00000000000000,16,
15,-1.00000000000000,-3.00000000000000,19,
15,-1.00000000000000,-2.00000000000000,21,
15,-1.00000000000000,-1.00000000000000,22,
15,-1.00000000000000,0.000000000000000,23,
15,-1.00000000000000,1.00000000000000,22,
15,-1.00000000000000,2.00000000000000,21,
15,-1.00000000000000,3.00000000000000,19,
15,-1.00000000000000,4.00000000000000,16,
15,-1.00000000000000,5.00000000000000,12,
15,-1.00000000000000,6.00000000000000,7,
15,0.000000000000000,-7.00000000000000,2,
15,0.000000000000000,-6.00000000000000,8,
15,0.000000000000000,-5.00000000000000,13,
15,0.000000000000000,-4.00000000000000,17,
15,0.000000000000000,-3.00000000000000,20,
15,0.000000000000000,-2.00000000000000,22,
15,0.000000000000000,-1.00000000000000,23,
15,0.000000000000000,0.000000000000000,23,
15,0.000000000000000,1.00000000000000,23,
15,0.000000000000000,2.00000000000000,22,
15,0.000000000000000,3.00000000000000,20,
15,0.000000000000000,4.00000000000000,17,
15,0.000000000000000,5.00000000000000,13,
15,0.000000000000000,6.00000000000000,8,
15,0.000000000000000,7.00000000000000,2,
15,1.00000000000000,-6.00000000000000,7,
15,1.00000000000000,-5.00000000000000,12,
15,1.00000000000000,-4.00000000000000,16,
15,1.00000000000000,-3.00000000000000,19,
15,1.00000000000000,-2.00000000000000,21,
15,1.00000000000000,-1.00000000000000,22,
15,1.00000000000000,0.000000000000000,23,
15,1.00000000000000,1.00000000000000,22,
15,1.00000000000000,2.00000000000000,21,
15,1.00000000000000,3.00000000000000,19,
15,1.00000000000000,4.00000000000000,16,
15,1.00000000000000,5.00000000000000,12,
15,1.00000000000000,6.00000000000000,7,
15,2.00000000000000,-6.00000000000000,6,
15,2.00000000000000,-5.00000000000000,11,
15,2.00000000000000,-4.00000000000000,15,
15,2.00000000000000,-3.00000000000000,18,
15,2.00000000000000,-2.00000000000000,20,
15,2.00000000000000,-1.00000000000000,21,
15,2.00000000000000,0.000000000000000,22,
15,2.00000000000000,1.00000000000000,21,
15,2.00000000000000,2.00000000000000,20,
15,2.00000000000000,3.00000000000000,18,
15,2.00000000000000,4.00000000000000,15,
15,2.00000000000000,5.00000000000000,11,
15,2.00000000000000,6.00000000000000,6,
15,3.00000000000000,-6.00000000000000,4,
15,3.00000000000000,-5.00000000000000,9,
15,3.00000000000000,-4.00000000000000,13,
15,3.00000000000000,-3.00000000000000,16,
15,3.00000000000000,-2.00000000000000,18,
15,3.00000000000000,-1.00000000000000,19,
15,3.00000000000000,0.000000000000000,20,
15,3.00000000000000,1.00000000000000,19,
15,3.00000000000000,2.00000000000000,18,
15,3.00000000000000,3.00000000000000,16,
15,3.00000000000000,4.00000000000000,13,
15,3.00000000000000,5.00000000000000,9,
15,3.00000000000000,6.00000000000000,4,
15,4.00000000000000,-5.00000000000000,5,
15,4.00000000000000,-4.00000000000000,9,
15,4.00000000000000,-3.00000000000000,13,
15,4.00000000000000,-2.00000000000000,15,
15,4.00000000000000,-1.00000000000000,16,
15,4.00000000000000,0.000000000000000,17,
15,4.00000000000000,1.00000000000000,16,
15,4.00000000000000,2.00000000000000,15,
15,4.00000000000000,3.00000000000000,13,
15,4.00000000000000,4.00000000000000,9,
15,4.00000000000000,5.00000000000000,5,
15,5.00000000000000,-4.00000000000000,5,
15,5.00000000000000,-3.00000000000000,9,
15,5.00000000000000,-2.00000000000000,11,
15,5.00000000000000,-1.00000000000000,12,
15,5.00000000000000,0.000000000000000,13,
15,5.00000000000000,1.00000000000000,12,
15,5.00000000000000,2.00000000000000,11,
15,5.00000000000000,3.00000000000000,9,
15,5.00000000000000,4.00000000000000,5,
15,6.00000000000000,-3.00000000000000,4,
15,6.00000000000000,-2.00000000000000,6,
15,6.00000000000000,-1.00000000000000,7,
15,6.00000000000000,0.000000000000000,8,
15,6.00000000000000,1.00000000000000,7,
15,6.00000000000000,2.00000000000000,6,
15,6.00000000000000,3.00000000000000,4,
15,7.00000000000000,0.000000000000000,2,
16,-6.50000000000000,-3.50000000000000,5,
16,-6.50000000000000,-2.50000000000000,7,
16,-6.50000000000000,-1.50000000000000,8,
16,-6.50000000000000,-0.500000000000000,9,
16,-6.50000000000000,0.500000000000000,9,
16,-6.50000000000000,1.50000000000000,8,
16,-6.50000000000000,2.50000000000000,7,
16,-6.50000000000000,3.50000000000000,5,
16,-5.50000000000000,-4.50000000000000,6,
16,-5.50000000000000,-3.50000000000000,10,
16,-5.50000000000000,-2.50000000000000,13,
16,-5.50000000000000,-1.50000000000000,15,
16,-5.50000000000000,-0.500000000000000,16,
16,-5.50000000000000,0.500000000000000,16,
16,-5.50000000000000,1.50000000000000,15,
16,-5.50000000000000,2.50000000000000,13,
16,-5.50000000000000,3.50000000000000,10,
16,-5.50000000000000,4.50000000000000,6,
16,-4.50000000000000,-5.50000000000000,6,
16,-4.50000000000000,-4.50000000000000,11,
16,-4.50000000000000,-3.50000000000000,15,
16,-4.50000000000000,-2.50000000000000,18,
16,-4.50000000000000,-1.50000000000000,20,
16,-4.50000000000000,-0.500000000000000,21,
16,-4.50000000000000,0.500000000000000,21,
16,-4.50000000000000,1.50000000000000,20,
16,-4.50000000000000,2.50000000000000,18,
16,-4.50000000000000,3.50000000000000,15,
16,-4.50000000000000,4.50000000000000,11,
16,-4.50000000000000,5.50000000000000,6,
16,-3.50000000000000,-6.50000000000000,5,
16,-3.50000000000000,-5.50000000000000,10,
16,-3.50000000000000,-4.50000000000000,15,
16,-3.50000000000000,-3.50000000000000,19,
16,-3.50000000000000,-2.50000000000000,22,
16,-3.50000000000000,-1.50000000000000,24,
16,-3.50000000000000,-0.500000000000000,25,
16,-3.50000000000000,0.500000000000000,25,
16,-3.50000000000000,1.50000000000000,24,
16,-3.50000000000000,2.50000000000000,22,
16,-3.50000000000000,3.50000000000000,19,
16,-3.50000000000000,4.50000000000000,15,
16,-3.50000000000000,5.50000000000000,10,
16,-3.50000000000000,6.50000000000000,5,
16,-2.50000000000000,-6.50000000000000,7,
16,-2.50000000000000,-5.50000000000000,13,
16,-2.50000000000000,-4.50000000000000,18,
16,-2.50000000000000,-3.50000000000000,22,
16,-2.50000000000000,-2.50000000000000,25,
16,-2.50000000000000,-1.50000000000000,27,
16,-2.50000000000000,-0.500000000000000,28,
16,-2.50000000000000,0.500000000000000,28,
16,-2.50000000000000,1.50000000000000,27,
16,-2.50000000000000,2.50000000000000,25,
16,-2.50000000000000,3.50000000000000,22,
16,-2.50000000000000,4.50000000000000,18,
16,-2.50000000000000,5.50000000000000,13,
16,-2.50000000000000,6.50000000000000,7,
16,-1.50000000000000,-6.50000000000000,8,
16,-1.50000000000000,-5.50000000000000,15,
16,-1.50000000000000,-4.50000000000000,20,
16,-1.50000000000000,-3.50000000000000,24,
16,-1.50000000000000,-2.50000000000000,27,
16,-1.50000000000000,-1.50000000000000,29,
16,-1.50000000000000,-0.500000000000000,30,
16,-1.50000000000000,0.500000000000000,30,
16,-1.50000000000000,1.50000000000000,29,
16,-1.50000000000000,2.50000000000000,27,
16,-1.50000000000000,3.50000000000000,24,
16,-1.50000000000000,4.50000000000000,20,
16,-1.50000000000000,5.50000000000000,15,
16,-1.50000000000000,6.50000000000000,8,
16,-0.500000000000000,-6.50000000000000,9,
16,-0.500000000000000,-5.50000000000000,16,
16,-0.500000000000000,-4.50000000000000,21,
16,-0.500000000000000,-3.50000000000000,25,
16,-0.500000000000000,-2.50000000000000,28,
16,-0.500000000000000,-1.50000000000000,30,
16,-0.500000000000000,-0.500000000000000,31,
16,-0.500000000000000,0.500000000000000,31,
16,-0.500000000000000,1.50000000000000,30,
16,-0.500000000000000,2.50000000000000,28,
16,-0.500000000000000,3.50000000000000,25,
16,-0.500000000000000,4.50000000000000,21,
16,-0.500000000000000,5.50000000000000,16,
16,-0.500000000000000,6.50000000000000,9,
16,0.500000000000000,-6.50000000000000,9,
16,0.500000000000000,-5.50000000000000,16,
16,0.500000000000000,-4.50000000000000,21,
16,0.500000000000000,-3.50000000000000,25,
16,0.500000000000000,-2.50000000000000,28,
16,0.500000000000000,-1.50000000000000,30,
16,0.500000000000000,-0.500000000000000,31,
16,0.500000000000000,0.500000000000000,31,
16,0.500000000000000,1.50000000000000,30,
16,0.500000000000000,2.50000000000000,28,
16,0.500000000000000,3.50000000000000,25,
16,0.500000000000000,4.50000000000000,21,
16,0.500000000000000,5.50000000000000,16,
16,0.500000000000000,6.50000000000000,9,
16,1.50000000000000,-6.50000000000000,8,
16,1.50000000000000,-5.50000000000000,15,
16,1.50000000000000,-4.50000000000000,20,
16,1.50000000000000,-3.50000000000000,24,
16,1.50000000000000,-2.50000000000000,27,
16,1.50000000000000,-1.50000000000000,29,
16,1.50000000000000,-0.500000000000000,30,
16,1.50000000000000,0.500000000000000,30,
16,1.50000000000000,1.50000000000000,29,
16,1.50000000000000,2.50000000000000,27,
16,1.50000000000000,3.50000000000000,24,
16,1.50000000000000,4.50000000000000,20,
16,1.50000000000000,5.50000000000000,15,
16,1.50000000000000,6.50000000000000,8,
16,2.50000000000000,-6.50000000000000,7,
16,2.50000000000000,-5.50000000000000,13,
16,2.50000000000000,-4.50000000000000,18,
16,2.50000000000000,-3.50000000000000,22,
16,2.50000000000000,-2.50000000000000,25,
16,2.50000000000000,-1.50000000000000,27,
16,2.50000000000000,-0.500000000000000,28,
16,2.50000000000000,0.500000000000000,28,
16,2.50000000000000,1.50000000000000,27,
16,2.50000000000000,2.50000000000000,25,
16,2.50000000000000,3.50000000000000,22,
16,2.50000000000000,4.50000000000000,18,
16,2.50000000000000,5.50000000000000,13,
16,2.50000000000000,6.50000000000000,7,
16,3.50000000000000,-6.50000000000000,5,
16,3.50000000000000,-5.50000000000000,10,
16,3.50000000000000,-4.50000000000000,15,
16,3.50000000000000,-3.50000000000000,19,
16,3.50000000000000,-2.50000000000000,22,
16,3.50000000000000,-1.50000000000000,24,
16,3.50000000000000,-0.500000000000000,25,
16,3.50000000000000,0.500000000000000,25,
16,3.50000000000000,1.50000000000000,24,
16,3.50000000000000,2.50000000000000,22,
16,3.50000000000000,3.50000000000000,19,
16,3.50000000000000,4.50000000000000,15,
16,3.50000000000000,5.50000000000000,10,
16,3.50000000000000,6.50000000000000,5,
16,4.50000000000000,-5.50000000000000,6,
16,4.50000000000000,-4.50000000000000,11,
16,4.50000000000000,-3.50000000000000,15,
16,4.50000000000000,-2.50000000000000,18,
16,4.50000000000000,-1.50000000000000,20,
16,4.50000000000000,-0.500000000000000,21,
16,4.50000000000000,0.500000000000000,21,
16,4.50000000000000,1.50000000000000,20,
16,4.50000000000000,2.50000000000000,18,
16,4.50000000000000,3.50000000000000,15,
16,4.50000000000000,4.50000000000000,11,
16,4.50000000000000,5.50000000000000,6,
16,5.50000000000000,-4.50000000000000,6,
16,5.50000000000000,-3.50000000000000,10,
16,5.50000000000000,-2.50000000000000,13,
16,5.50000000000000,-1.50000000000000,15,
16,5.50000000000000,-0.500000000000000,16,
16,5.50000000000000,0.500000000000000,16,
16,5.50000000000000,1.50000000000000,15,
16,5.50000000000000,2.50000000000000,13,
16,5.50000000000000,3.50000000000000,10,
16,5.50000000000000,4.50000000000000,6,
16,6.50000000000000,-3.50000000000000,5,
16,6.50000000000000,-2.50000000000000,7,
16,6.50000000000000,-1.50000000000000,8,
16,6.50000000000000,-0.500000000000000,9,
16,6.50000000000000,0.500000000000000,9,
16,6.50000000000000,1.50000000000000,8,
16,6.50000000000000,2.50000000000000,7,
16,6.50000000000000,3.50000000000000,5,
17,-8.00000000000000,0.000000000000000,3,
17,-7.00000000000000,-3.00000000000000,5,
17,-7.00000000000000,-2.00000000000000,7,
17,-7.00000000000000,-1.00000000000000,8,
17,-7.00000000000000,0.000000000000000,9,
17,-7.00000000000000,1.00000000000000,8,
17,-7.00000000000000,2.00000000000000,7,
17,-7.00000000000000,3.00000000000000,5,
17,-6.00000000000000,-5.00000000000000,5,
17,-6.00000000000000,-4.00000000000000,8,
17,-6.00000000000000,-3.00000000000000,11,
17,-6.00000000000000,-2.00000000000000,13,
17,-6.00000000000000,-1.00000000000000,14,
17,-6.00000000000000,0.000000000000000,15,
17,-6.00000000000000,1.00000000000000,14,
17,-6.00000000000000,2.00000000000000,13,
17,-6.00000000000000,3.00000000000000,11,
17,-6.00000000000000,4.00000000000000,8,
17,-6.00000000000000,5.00000000000000,5,
17,-5.00000000000000,-6.00000000000000,5,
17,-5.00000000000000,-5.00000000000000,10,
17,-5.00000000000000,-4.00000000000000,14,
17,-5.00000000000000,-3.00000000000000,17,
17,-5.00000000000000,-2.00000000000000,19,
17,-5.00000000000000,-1.00000000000000,20,
17,-5.00000000000000,0.000000000000000,20,
17,-5.00000000000000,1.00000000000000,20,
17,-5.00000000000000,2.00000000000000,19,
17,-5.00000000000000,3.00000000000000,17,
17,-5.00000000000000,4.00000000000000,14,
17,-5.00000000000000,5.00000000000000,10,
17,-5.00000000000000,6.00000000000000,5,
17,-4.00000000000000,-6.00000000000000,8,
17,-4.00000000000000,-5.00000000000000,14,
17,-4.00000000000000,-4.00000000000000,18,
17,-4.00000000000000,-3.00000000000000,21,
17,-4.00000000000000,-2.00000000000000,23,
17,-4.00000000000000,-1.00000000000000,24,
17,-4.00000000000000,0.000000000000000,24,
17,-4.00000000000000,1.00000000000000,24,
17,-4.00000000000000,2.00000000000000,23,
17,-4.00000000000000,3.00000000000000,21,
17,-4.00000000000000,4.00000000000000,18,
17,-4.00000000000000,5.00000000000000,14,
17,-4.00000000000000,6.00000000000000,8,
17,-3.00000000000000,-7.00000000000000,5,
17,-3.00000000000000,-6.00000000000000,11,
17,-3.00000000000000,-5.00000000000000,17,
17,-3.00000000000000,-4.00000000000000,21,
17,-3.00000000000000,-3.00000000000000,24,
17,-3.00000000000000,-2.00000000000000,26,
17,-3.00000000000000,-1.00000000000000,27,
17,-3.00000000000000,0.000000000000000,27,
17,-3.00000000000000,1.00000000000000,27,
17,-3.00000000000000,2.00000000000000,26,
17,-3.00000000000000,3.00000000000000,24,
17,-3.00000000000000,4.00000000000000,21,
17,-3.00000000000000,5.00000000000000,17,
17,-3.00000000000000,6.00000000000000,11,
17,-3.00000000000000,7.00000000000000,5,
17,-2.00000000000000,-7.00000000000000,7,
17,-2.00000000000000,-6.00000000000000,13,
17,-2.00000000000000,-5.00000000000000,19,
17,-2.00000000000000,-4.00000000000000,23,
17,-2.00000000000000,-3.00000000000000,26,
17,-2.00000000000000,-2.00000000000000,28,
17,-2.00000000000000,-1.00000000000000,29,
17,-2.00000000000000,0.000000000000000,29,
17,-2.00000000000000,1.00000000000000,29,
17,-2.00000000000000,2.00000000000000,28,
17,-2.00000000000000,3.00000000000000,26,
17,-2.00000000000000,4.00000000000000,23,
17,-2.00000000000000,5.00000000000000,19,
17,-2.00000000000000,6.00000000000000,13,
17,-2.00000000000000,7.00000000000000,7,
17,-1.00000000000000,-7.00000000000000,8,
17,-1.00000000000000,-6.00000000000000,14,
17,-1.00000000000000,-5.00000000000000,20,
17,-1.00000000000000,-4.00000000000000,24,
17,-1.00000000000000,-3.00000000000000,27,
17,-1.00000000000000,-2.00000000000000,29,
17,-1.00000000000000,-1.00000000000000,30,
17,-1.00000000000000,0.000000000000000,30,
17,-1.00000000000000,1.00000000000000,30,
17,-1.00000000000000,2.00000000000000,29,
17,-1.00000000000000,3.00000000000000,27,
17,-1.00000000000000,4.00000000000000,24,
17,-1.00000000000000,5.00000000000000,20,
17,-1.00000000000000,6.00000000000000,14,
17,-1.00000000000000,7.00000000000000,8,
17,0.000000000000000,-8.00000000000000,3,
17,0.000000000000000,-7.00000000000000,9,
17,0.000000000000000,-6.00000000000000,15,
17,0.000000000000000,-5.00000000000000,20,
17,0.000000000000000,-4.00000000000000,24,
17,0.000000000000000,-3.00000000000000,27,
17,0.000000000000000,-2.00000000000000,29,
17,0.000000000000000,-1.00000000000000,30,
17,0.000000000000000,0.000000000000000,30,
17,0.000000000000000,1.00000000000000,30,
17,0.000000000000000,2.00000000000000,29,
17,0.000000000000000,3.00000000000000,27,
17,0.000000000000000,4.00000000000000,24,
17,0.000000000000000,5.00000000000000,20,
17,0.000000000000000,6.00000000000000,15,
17,0.000000000000000,7.00000000000000,9,
17,0.000000000000000,8.00000000000000,3,
17,1.00000000000000,-7.00000000000000,8,
17,1.00000000000000,-6.00000000000000,14,
17,1.00000000000000,-5.00000000000000,20,
17,1.00000000000000,-4.00000000000000,24,
17,1.00000000000000,-3.00000000000000,27,
17,1.00000000000000,-2.00000000000000,29,
17,1.00000000000000,-1.00000000000000,30,
17,1.00000000000000,0.000000000000000,30,
17,1.00000000000000,1.00000000000000,30,
17,1.00000000000000,2.00000000000000,29,
17,1.00000000000000,3.00000000000000,27,
17,1.00000000000000,4.00000000000000,24,
17,1.00000000000000,5.00000000000000,20,
17,1.00000000000000,6.00000000000000,14,
17,1.00000000000000,7.00000000000000,8,
17,2.00000000000000,-7.00000000000000,7,
17,2.00000000000000,-6.00000000000000,13,
17,2.00000000000000,-5.00000000000000,19,
17,2.00000000000000,-4.00000000000000,23,
17,2.00000000000000,-3.00000000000000,26,
17,2.00000000000000,-2.00000000000000,28,
17,2.00000000000000,-1.00000000000000,29,
17,2.00000000000000,0.000000000000000,29,
17,2.00000000000000,1.00000000000000,29,
17,2.00000000000000,2.00000000000000,28,
17,2.00000000000000,3.00000000000000,26,
17,2.00000000000000,4.00000000000000,23,
17,2.00000000000000,5.00000000000000,19,
17,2.00000000000000,6.00000000000000,13,
17,2.00000000000000,7.00000000000000,7,
17,3.00000000000000,-7.00000000000000,5,
17,3.00000000000000,-6.00000000000000,11,
17,3.00000000000000,-5.00000000000000,17,
17,3.00000000000000,-4.00000000000000,21,
17,3.00000000000000,-3.00000000000000,24,
17,3.00000000000000,-2.00000000000000,26,
17,3.00000000000000,-1.00000000000000,27,
17,3.00000000000000,0.000000000000000,27,
17,3.00000000000000,1.00000000000000,27,
17,3.00000000000000,2.00000000000000,26,
17,3.00000000000000,3.00000000000000,24,
17,3.00000000000000,4.00000000000000,21,
17,3.00000000000000,5.00000000000000,17,
17,3.00000000000000,6.00000000000000,11,
17,3.00000000000000,7.00000000000000,5,
17,4.00000000000000,-6.00000000000000,8,
17,4.00000000000000,-5.00000000000000,14,
17,4.00000000000000,-4.00000000000000,18,
17,4.00000000000000,-3.00000000000000,21,
17,4.00000000000000,-2.00000000000000,23,
17,4.00000000000000,-1.00000000000000,24,
17,4.00000000000000,0.000000000000000,24,
17,4.00000000000000,1.00000000000000,24,
17,4.00000000000000,2.00000000000000,23,
17,4.00000000000000,3.00000000000000,21,
17,4.00000000000000,4.00000000000000,18,
17,4.00000000000000,5.00000000000000,14,
17,4.00000000000000,6.00000000000000,8,
17,5.00000000000000,-6.00000000000000,5,
17,5.00000000000000,-5.00000000000000,10,
17,5.00000000000000,-4.00000000000000,14,
17,5.00000000000000,-3.00000000000000,17,
17,5.00000000000000,-2.00000000000000,19,
17,5.00000000000000,-1.00000000000000,20,
17,5.00000000000000,0.000000000000000,20,
17,5.00000000000000,1.00000000000000,20,
17,5.00000000000000,2.00000000000000,19,
17,5.00000000000000,3.00000000000000,17,
17,5.00000000000000,4.00000000000000,14,
17,5.00000000000000,5.00000000000000,10,
17,5.00000000000000,6.00000000000000,5,
17,6.00000000000000,-5.00000000000000,5,
17,6.00000000000000,-4.00000000000000,8,
17,6.00000000000000,-3.00000000000000,11,
17,6.00000000000000,-2.00000000000000,13,
17,6.00000000000000,-1.00000000000000,14,
17,6.00000000000000,0.000000000000000,15,
17,6.00000000000000,1.00000000000000,14,
17,6.00000000000000,2.00000000000000,13,
17,6.00000000000000,3.00000000000000,11,
17,6.00000000000000,4.00000000000000,8,
17,6.00000000000000,5.00000000000000,5,
17,7.00000000000000,-3.00000000000000,5,
17,7.00000000000000,-2.00000000000000,7,
17,7.00000000000000,-1.00000000000000,8,
17,7.00000000000000,0.000000000000000,9,
17,7.00000000000000,1.00000000000000,8,
17,7.00000000000000,2.00000000000000,7,
17,7.00000000000000,3.00000000000000,5,
17,8.00000000000000,0.000000000000000,3,
18,-7.50000000000000,-3.50000000000000,5,
18,-7.50000000000000,-2.50000000000000,8,
18,-7.50000000000000,-1.50000000000000,9,
18,-7.50000000000000,-0.500000000000000,10,
18,-7.50000000000000,0.500000000000000,10,
18,-7.50000000000000,1.50000000000000,9,
18,-7.50000000000000,2.50000000000000,8,
18,-7.50000000000000,3.50000000000000,5,
18,-6.50000000000000,-4.50000000000000,7,
18,-6.50000000000000,-3.50000000000000,12,
18,-6.50000000000000,-2.50000000000000,15,
18,-6.50000000000000,-1.50000000000000,17,
18,-6.50000000000000,-0.500000000000000,18,
18,-6.50000000000000,0.500000000000000,18,
18,-6.50000000000000,1.50000000000000,17,
18,-6.50000000000000,2.50000000000000,15,
18,-6.50000000000000,3.50000000000000,12,
18,-6.50000000000000,4.50000000000000,7,
18,-5.50000000000000,-5.50000000000000,7,
18,-5.50000000000000,-4.50000000000000,13,
18,-5.50000000000000,-3.50000000000000,18,
18,-5.50000000000000,-2.50000000000000,21,
18,-5.50000000000000,-1.50000000000000,23,
18,-5.50000000000000,-0.500000000000000,24,
18,-5.50000000000000,0.500000000000000,24,
18,-5.50000000000000,1.50000000000000,23,
18,-5.50000000000000,2.50000000000000,21,
18,-5.50000000000000,3.50000000000000,18,
18,-5.50000000000000,4.50000000000000,13,
18,-5.50000000000000,5.50000000000000,7,
18,-4.50000000000000,-6.50000000000000,7,
18,-4.50000000000000,-5.50000000000000,13,
18,-4.50000000000000,-4.50000000000000,18,
18,-4.50000000000000,-3.50000000000000,23,
18,-4.50000000000000,-2.50000000000000,26,
18,-4.50000000000000,-1.50000000000000,28,
18,-4.50000000000000,-0.500000000000000,29,
18,-4.50000000000000,0.500000000000000,29,
18,-4.50000000000000,1.50000000000000,28,
18,-4.50000000000000,2.50000000000000,26,
18,-4.50000000000000,3.50000000000000,23,
18,-4.50000000000000,4.50000000000000,18,
18,-4.50000000000000,5.50000000000000,13,
18,-4.50000000000000,6.50000000000000,7,
18,-3.50000000000000,-7.50000000000000,5,
18,-3.50000000000000,-6.50000000000000,12,
18,-3.50000000000000,-5.50000000000000,18,
18,-3.50000000000000,-4.50000000000000,23,
18,-3.50000000000000,-3.50000000000000,27,
18,-3.50000000000000,-2.50000000000000,30,
18,-3.50000000000000,-1.50000000000000,32,
18,-3.50000000000000,-0.500000000000000,33,
18,-3.50000000000000,0.500000000000000,33,
18,-3.50000000000000,1.50000000000000,32,
18,-3.50000000000000,2.50000000000000,30,
18,-3.50000000000000,3.50000000000000,27,
18,-3.50000000000000,4.50000000000000,23,
18,-3.50000000000000,5.50000000000000,18,
18,-3.50000000000000,6.50000000000000,12,
18,-3.50000000000000,7.50000000000000,5,
18,-2.50000000000000,-7.50000000000000,8,
18,-2.50000000000000,-6.50000000000000,15,
18,-2.50000000000000,-5.50000000000000,21,
18,-2.50000000000000,-4.50000000000000,26,
18,-2.50000000000000,-3.50000000000000,30,
18,-2.50000000000000,-2.50000000000000,33,
18,-2.50000000000000,-1.50000000000000,35,
18,-2.50000000000000,-0.500000000000000,36,
18,-2.50000000000000,0.500000000000000,36,
18,-2.50000000000000,1.50000000000000,35,
18,-2.50000000000000,2.50000000000000,33,
18,-2.50000000000000,3.50000000000000,30,
18,-2.50000000000000,4.50000000000000,26,
18,-2.50000000000000,5.50000000000000,21,
18,-2.50000000000000,6.50000000000000,15,
18,-2.50000000000000,7.50000000000000,8,
18,-1.50000000000000,-7.50000000000000,9,
18,-1.50000000000000,-6.50000000000000,17,
18,-1.50000000000000,-5.50000000000000,23,
18,-1.50000000000000,-4.50000000000000,28,
18,-1.50000000000000,-3.50000000000000,32,
18,-1.50000000000000,-2.50000000000000,35,
18,-1.50000000000000,-1.50000000000000,37,
18,-1.50000000000000,-0.500000000000000,38,
18,-1.50000000000000,0.500000000000000,38,
18,-1.50000000000000,1.50000000000000,37,
18,-1.50000000000000,2.50000000000000,35,
18,-1.50000000000000,3.50000000000000,32,
18,-1.50000000000000,4.50000000000000,28,
18,-1.50000000000000,5.50000000000000,23,
18,-1.50000000000000,6.50000000000000,17,
18,-1.50000000000000,7.50000000000000,9,
18,-0.500000000000000,-7.50000000000000,10,
18,-0.500000000000000,-6.50000000000000,18,
18,-0.500000000000000,-5.50000000000000,24,
18,-0.500000000000000,-4.50000000000000,29,
18,-0.500000000000000,-3.50000000000000,33,
18,-0.500000000000000,-2.50000000000000,36,
18,-0.500000000000000,-1.50000000000000,38,
18,-0.500000000000000,-0.500000000000000,39,
18,-0.500000000000000,0.500000000000000,39,
18,-0.500000000000000,1.50000000000000,38,
18,-0.500000000000000,2.50000000000000,36,
18,-0.500000000000000,3.50000000000000,33,
18,-0.500000000000000,4.50000000000000,29,
18,-0.500000000000000,5.50000000000000,24,
18,-0.500000000000000,6.50000000000000,18,
18,-0.500000000000000,7.50000000000000,10,
18,0.500000000000000,-7.50000000000000,10,
18,0.500000000000000,-6.50000000000000,18,
18,0.500000000000000,-5.50000000000000,24,
18,0.500000000000000,-4.50000000000000,29,
18,0.500000000000000,-3.50000000000000,33,
18,0.500000000000000,-2.50000000000000,36,
18,0.500000000000000,-1.50000000000000,38,
18,0.500000000000000,-0.500000000000000,39,
18,0.500000000000000,0.500000000000000,39,
18,0.500000000000000,1.50000000000000,38,
18,0.500000000000000,2.50000000000000,36,
18,0.500000000000000,3.50000000000000,33,
18,0.500000000000000,4.50000000000000,29,
18,0.500000000000000,5.50000000000000,24,
18,0.500000000000000,6.50000000000000,18,
18,0.500000000000000,7.50000000000000,10,
18,1.50000000000000,-7.50000000000000,9,
18,1.50000000000000,-6.50000000000000,17,
18,1.50000000000000,-5.50000000000000,23,
18,1.50000000000000,-4.50000000000000,28,
18,1.50000000000000,-3.50000000000000,32,
18,1.50000000000000,-2.50000000000000,35,
18,1.50000000000000,-1.50000000000000,37,
18,1.50000000000000,-0.500000000000000,38,
18,1.50000000000000,0.500000000000000,38,
18,1.50000000000000,1.50000000000000,37,
18,1.50000000000000,2.50000000000000,35,
18,1.50000000000000,3.50000000000000,32,
18,1.50000000000000,4.50000000000000,28,
18,1.50000000000000,5.50000000000000,23,
18,1.50000000000000,6.50000000000000,17,
18,1.50000000000000,7.50000000000000,9,
18,2.50000000000000,-7.50000000000000,8,
18,2.50000000000000,-6.50000000000000,15,
18,2.50000000000000,-5.50000000000000,21,
18,2.50000000000000,-4.50000000000000,26,
18,2.50000000000000,-3.50000000000000,30,
18,2.50000000000000,-2.50000000000000,33,
18,2.50000000000000,-1.50000000000000,35,
18,2.50000000000000,-0.500000000000000,36,
18,2.50000000000000,0.500000000000000,36,
18,2.50000000000000,1.50000000000000,35,
18,2.50000000000000,2.50000000000000,33,
18,2.50000000000000,3.50000000000000,30,
18,2.50000000000000,4.50000000000000,26,
18,2.50000000000000,5.50000000000000,21,
18,2.50000000000000,6.50000000000000,15,
18,2.50000000000000,7.50000000000000,8,
18,3.50000000000000,-7.50000000000000,5,
18,3.50000000000000,-6.50000000000000,12,
18,3.50000000000000,-5.50000000000000,18,
18,3.50000000000000,-4.50000000000000,23,
18,3.50000000000000,-3.50000000000000,27,
18,3.50000000000000,-2.50000000000000,30,
18,3.50000000000000,-1.50000000000000,32,
18,3.50000000000000,-0.500000000000000,33,
18,3.50000000000000,0.500000000000000,33,
18,3.50000000000000,1.50000000000000,32,
18,3.50000000000000,2.50000000000000,30,
18,3.50000000000000,3.50000000000000,27,
18,3.50000000000000,4.50000000000000,23,
18,3.50000000000000,5.50000000000000,18,
18,3.50000000000000,6.50000000000000,12,
18,3.50000000000000,7.50000000000000,5,
18,4.50000000000000,-6.50000000000000,7,
18,4.50000000000000,-5.50000000000000,13,
18,4.50000000000000,-4.50000000000000,18,
18,4.50000000000000,-3.50000000000000,23,
18,4.50000000000000,-2.50000000000000,26,
18,4.50000000000000,-1.50000000000000,28,
18,4.50000000000000,-0.500000000000000,29,
18,4.50000000000000,0.500000000000000,29,
18,4.50000000000000,1.50000000000000,28,
18,4.50000000000000,2.50000000000000,26,
18,4.50000000000000,3.50000000000000,23,
18,4.50000000000000,4.50000000000000,18,
18,4.50000000000000,5.50000000000000,13,
18,4.50000000000000,6.50000000000000,7,
18,5.50000000000000,-5.50000000000000,7,
18,5.50000000000000,-4.50000000000000,13,
18,5.50000000000000,-3.50000000000000,18,
18,5.50000000000000,-2.50000000000000,21,
18,5.50000000000000,-1.50000000000000,23,
18,5.50000000000000,-0.500000000000000,24,
18,5.50000000000000,0.500000000000000,24,
18,5.50000000000000,1.50000000000000,23,
18,5.50000000000000,2.50000000000000,21,
18,5.50000000000000,3.50000000000000,18,
18,5.50000000000000,4.50000000000000,13,
18,5.50000000000000,5.50000000000000,7,
18,6.50000000000000,-4.50000000000000,7,
18,6.50000000000000,-3.50000000000000,12,
18,6.50000000000000,-2.50000000000000,15,
18,6.50000000000000,-1.50000000000000,17,
18,6.50000000000000,-0.500000000000000,18,
18,6.50000000000000,0.500000000000000,18,
18,6.50000000000000,1.50000000000000,17,
18,6.50000000000000,2.50000000000000,15,
18,6.50000000000000,3.50000000000000,12,
18,6.50000000000000,4.50000000000000,7,
18,7.50000000000000,-3.50000000000000,5,
18,7.50000000000000,-2.50000000000000,8,
18,7.50000000000000,-1.50000000000000,9,
18,7.50000000000000,-0.500000000000000,10,
18,7.50000000000000,0.500000000000000,10,
18,7.50000000000000,1.50000000000000,9,
18,7.50000000000000,2.50000000000000,8,
18,7.50000000000000,3.50000000000000,5,
19,-9.00000000000000,0.000000000000000,3,
19,-8.00000000000000,-4.00000000000000,5,
19,-8.00000000000000,-3.00000000000000,8,
19,-8.00000000000000,-2.00000000000000,9,
19,-8.00000000000000,-1.00000000000000,10,
19,-8.00000000000000,0.000000000000000,11,
19,-8.00000000000000,1.00000000000000,10,
19,-8.00000000000000,2.00000000000000,9,
19,-8.00000000000000,3.00000000000000,8,
19,-8.00000000000000,4.00000000000000,5,
19,-7.00000000000000,-5.00000000000000,7,
19,-7.00000000000000,-4.00000000000000,12,
19,-7.00000000000000,-3.00000000000000,15,
19,-7.00000000000000,-2.00000000000000,17,
19,-7.00000000000000,-1.00000000000000,18,
19,-7.00000000000000,0.000000000000000,18,
19,-7.00000000000000,1.00000000000000,18,
19,-7.00000000000000,2.00000000000000,17,
19,-7.00000000000000,3.00000000000000,15,
19,-7.00000000000000,4.00000000000000,12,
19,-7.00000000000000,5.00000000000000,7,
19,-6.00000000000000,-6.00000000000000,7,
19,-6.00000000000000,-5.00000000000000,13,
19,-6.00000000000000,-4.00000000000000,18,
19,-6.00000000000000,-3.00000000000000,21,
19,-6.00000000000000,-2.00000000000000,23,
19,-6.00000000000000,-1.00000000000000,24,
19,-6.00000000000000,0.000000000000000,24,
19,-6.00000000000000,1.00000000000000,24,
19,-6.00000000000000,2.00000000000000,23,
19,-6.00000000000000,3.00000000000000,21,
19,-6.00000000000000,4.00000000000000,18,
19,-6.00000000000000,5.00000000000000,13,
19,-6.00000000000000,6.00000000000000,7,
19,-5.00000000000000,-7.00000000000000,7,
19,-5.00000000000000,-6.00000000000000,13,
19,-5.00000000000000,-5.00000000000000,18,
19,-5.00000000000000,-4.00000000000000,23,
19,-5.00000000000000,-3.00000000000000,26,
19,-5.00000000000000,-2.00000000000000,28,
19,-5.00000000000000,-1.00000000000000,29,
19,-5.00000000000000,0.000000000000000,29,
19,-5.00000000000000,1.00000000000000,29,
19,-5.00000000000000,2.00000000000000,28,
19,-5.00000000000000,3.00000000000000,26,
19,-5.00000000000000,4.00000000000000,23,
19,-5.00000000000000,5.00000000000000,18,
19,-5.00000000000000,6.00000000000000,13,
19,-5.00000000000000,7.00000000000000,7,
19,-4.00000000000000,-8.00000000000000,5,
19,-4.00000000000000,-7.00000000000000,12,
19,-4.00000000000000,-6.00000000000000,18,
19,-4.00000000000000,-5.00000000000000,23,
19,-4.00000000000000,-4.00000000000000,27,
19,-4.00000000000000,-3.00000000000000,30,
19,-4.00000000000000,-2.00000000000000,32,
19,-4.00000000000000,-1.00000000000000,33,
19,-4.00000000000000,0.000000000000000,33,
19,-4.00000000000000,1.00000000000000,33,
19,-4.00000000000000,2.00000000000000,32,
19,-4.00000000000000,3.00000000000000,30,
19,-4.00000000000000,4.00000000000000,27,
19,-4.00000000000000,5.00000000000000,23,
19,-4.00000000000000,6.00000000000000,18,
19,-4.00000000000000,7.00000000000000,12,
19,-4.00000000000000,8.00000000000000,5,
19,-3.00000000000000,-8.00000000000000,8,
19,-3.00000000000000,-7.00000000000000,15,
19,-3.00000000000000,-6.00000000000000,21,
19,-3.00000000000000,-5.00000000000000,26,
19,-3.00000000000000,-4.00000000000000,30,
19,-3.00000000000000,-3.00000000000000,33,
19,-3.00000000000000,-2.00000000000000,35,
19,-3.00000000000000,-1.00000000000000,36,
19,-3.00000000000000,0.000000000000000,36,
19,-3.00000000000000,1.00000000000000,36,
19,-3.00000000000000,2.00000000000000,35,
19,-3.00000000000000,3.00000000000000,33,
19,-3.00000000000000,4.00000000000000,30,
19,-3.00000000000000,5.00000000000000,26,
19,-3.00000000000000,6.00000000000000,21,
19,-3.00000000000000,7.00000000000000,15,
19,-3.00000000000000,8.00000000000000,8,
19,-2.00000000000000,-8.00000000000000,9,
19,-2.00000000000000,-7.00000000000000,17,
19,-2.00000000000000,-6.00000000000000,23,
19,-2.00000000000000,-5.00000000000000,28,
19,-2.00000000000000,-4.00000000000000,32,
19,-2.00000000000000,-3.00000000000000,35,
19,-2.00000000000000,-2.00000000000000,37,
19,-2.00000000000000,-1.00000000000000,38,
19,-2.00000000000000,0.000000000000000,38,
19,-2.00000000000000,1.00000000000000,38,
19,-2.00000000000000,2.00000000000000,37,
19,-2.00000000000000,3.00000000000000,35,
19,-2.00000000000000,4.00000000000000,32,
19,-2.00000000000000,5.00000000000000,28,
19,-2.00000000000000,6.00000000000000,23,
19,-2.00000000000000,7.00000000000000,17,
19,-2.00000000000000,8.00000000000000,9,
19,-1.00000000000000,-8.00000000000000,10,
19,-1.00000000000000,-7.00000000000000,18,
19,-1.00000000000000,-6.00000000000000,24,
19,-1.00000000000000,-5.00000000000000,29,
19,-1.00000000000000,-4.00000000000000,33,
19,-1.00000000000000,-3.00000000000000,36,
19,-1.00000000000000,-2.00000000000000,38,
19,-1.00000000000000,-1.00000000000000,39,
19,-1.00000000000000,0.000000000000000,39,
19,-1.00000000000000,1.00000000000000,39,
19,-1.00000000000000,2.00000000000000,38,
19,-1.00000000000000,3.00000000000000,36,
19,-1.00000000000000,4.00000000000000,33,
19,-1.00000000000000,5.00000000000000,29,
19,-1.00000000000000,6.00000000000000,24,
19,-1.00000000000000,7.00000000000000,18,
19,-1.00000000000000,8.00000000000000,10,
19,0.000000000000000,-9.00000000000000,3,
19,0.000000000000000,-8.00000000000000,11,
19,0.000000000000000,-7.00000000000000,18,
19,0.000000000000000,-6.00000000000000,24,
19,0.000000000000000,-5.00000000000000,29,
19,0.000000000000000,-4.00000000000000,33,
19,0.000000000000000,-3.00000000000000,36,
19,0.000000000000000,-2.00000000000000,38,
19,0.000000000000000,-1.00000000000000,39,
19,0.000000000000000,0.000000000000000,39,
19,0.000000000000000,1.00000000000000,39,
19,0.000000000000000,2.00000000000000,38,
19,0.000000000000000,3.00000000000000,36,
19,0.000000000000000,4.00000000000000,33,
19,0.000000000000000,5.00000000000000,29,
19,0.000000000000000,6.00000000000000,24,
19,0.000000000000000,7.00000000000000,18,
19,0.000000000000000,8.00000000000000,11,
19,0.000000000000000,9.00000000000000,3,
19,1.00000000000000,-8.00000000000000,10,
19,1.00000000000000,-7.00000000000000,18,
19,1.00000000000000,-6.00000000000000,24,
19,1.00000000000000,-5.00000000000000,29,
19,1.00000000000000,-4.00000000000000,33,
19,1.00000000000000,-3.00000000000000,36,
19,1.00000000000000,-2.00000000000000,38,
19,1.00000000000000,-1.00000000000000,39,
19,1.00000000000000,0.000000000000000,39,
19,1.00000000000000,1.00000000000000,39,
19,1.00000000000000,2.00000000000000,38,
19,1.00000000000000,3.00000000000000,36,
19,1.00000000000000,4.00000000000000,33,
19,1.00000000000000,5.00000000000000,29,
19,1.00000000000000,6.00000000000000,24,
19,1.00000000000000,7.00000000000000,18,
19,1.00000000000000,8.00000000000000,10,
19,2.00000000000000,-8.00000000000000,9,
19,2.00000000000000,-7.00000000000000,17,
19,2.00000000000000,-6.00000000000000,23,
19,2.00000000000000,-5.00000000000000,28,
19,2.00000000000000,-4.00000000000000,32,
19,2.00000000000000,-3.00000000000000,35,
19,2.00000000000000,-2.00000000000000,37,
19,2.00000000000000,-1.00000000000000,38,
19,2.00000000000000,0.000000000000000,38,
19,2.00000000000000,1.00000000000000,38,
19,2.00000000000000,2.00000000000000,37,
19,2.00000000000000,3.00000000000000,35,
19,2.00000000000000,4.00000000000000,32,
19,2.00000000000000,5.00000000000000,28,
19,2.00000000000000,6.00000000000000,23,
19,2.00000000000000,7.00000000000000,17,
19,2.00000000000000,8.00000000000000,9,
19,3.00000000000000,-8.00000000000000,8,
19,3.00000000000000,-7.00000000000000,15,
19,3.00000000000000,-6.00000000000000,21,
19,3.00000000000000,-5.00000000000000,26,
19,3.00000000000000,-4.00000000000000,30,
19,3.00000000000000,-3.00000000000000,33,
19,3.00000000000000,-2.00000000000000,35,
19,3.00000000000000,-1.00000000000000,36,
19,3.00000000000000,0.000000000000000,36,
19,3.00000000000000,1.00000000000000,36,
19,3.00000000000000,2.00000000000000,35,
19,3.00000000000000,3.00000000000000,33,
19,3.00000000000000,4.00000000000000,30,
19,3.00000000000000,5.00000000000000,26,
19,3.00000000000000,6.00000000000000,21,
19,3.00000000000000,7.00000000000000,15,
19,3.00000000000000,8.00000000000000,8,
19,4.00000000000000,-8.00000000000000,5,
19,4.00000000000000,-7.00000000000000,12,
19,4.00000000000000,-6.00000000000000,18,
19,4.00000000000000,-5.00000000000000,23,
19,4.00000000000000,-4.00000000000000,27,
19,4.00000000000000,-3.00000000000000,30,
19,4.00000000000000,-2.00000000000000,32,
19,4.00000000000000,-1.00000000000000,33,
19,4.00000000000000,0.000000000000000,33,
19,4.00000000000000,1.00000000000000,33,
19,4.00000000000000,2.00000000000000,32,
19,4.00000000000000,3.00000000000000,30,
19,4.00000000000000,4.00000000000000,27,
19,4.00000000000000,5.00000000000000,23,
19,4.00000000000000,6.00000000000000,18,
19,4.00000000000000,7.00000000000000,12,
19,4.00000000000000,8.00000000000000,5,
19,5.00000000000000,-7.00000000000000,7,
19,5.00000000000000,-6.00000000000000,13,
19,5.00000000000000,-5.00000000000000,18,
19,5.00000000000000,-4.00000000000000,23,
19,5.00000000000000,-3.00000000000000,26,
19,5.00000000000000,-2.00000000000000,28,
19,5.00000000000000,-1.00000000000000,29,
19,5.00000000000000,0.000000000000000,29,
19,5.00000000000000,1.00000000000000,29,
19,5.00000000000000,2.00000000000000,28,
19,5.00000000000000,3.00000000000000,26,
19,5.00000000000000,4.00000000000000,23,
19,5.00000000000000,5.00000000000000,18,
19,5.00000000000000,6.00000000000000,13,
19,5.00000000000000,7.00000000000000,7,
19,6.00000000000000,-6.00000000000000,7,
19,6.00000000000000,-5.00000000000000,13,
19,6.00000000000000,-4.00000000000000,18,
19,6.00000000000000,-3.00000000000000,21,
19,6.00000000000000,-2.00000000000000,23,
19,6.00000000000000,-1.00000000000000,24,
19,6.00000000000000,0.000000000000000,24,
19,6.00000000000000,1.00000000000000,24,
19,6.00000000000000,2.00000000000000,23,
19,6.00000000000000,3.00000000000000,21,
19,6.00000000000000,4.00000000000000,18,
19,6.00000000000000,5.00000000000000,13,
19,6.00000000000000,6.00000000000000,7,
19,7.00000000000000,-5.00000000000000,7,
19,7.00000000000000,-4.00000000000000,12,
19,7.00000000000000,-3.00000000000000,15,
19,7.00000000000000,-2.00000000000000,17,
19,7.00000000000000,-1.00000000000000,18,
19,7.00000000000000,0.000000000000000,18,
19,7.00000000000000,1.00000000000000,18,
19,7.00000000000000,2.00000000000000,17,
19,7.00000000000000,3.00000000000000,15,
19,7.00000000000000,4.00000000000000,12,
19,7.00000000000000,5.00000000000000,7,
19,8.00000000000000,-4.00000000000000,5,
19,8.00000000000000,-3.00000000000000,8,
19,8.00000000000000,-2.00000000000000,9,
19,8.00000000000000,-1.00000000000000,10,
19,8.00000000000000,0.000000000000000,11,
19,8.00000000000000,1.00000000000000,10,
19,8.00000000000000,2.00000000000000,9,
19,8.00000000000000,3.00000000000000,8,
19,8.00000000000000,4.00000000000000,5,
19,9.00000000000000,0.000000000000000,3,
20,-8.50000000000000,-3.50000000000000,6,
20,-8.50000000000000,-2.50000000000000,9,
20,-8.50000000000000,-1.50000000000000,10,
20,-8.50000000000000,-0.500000000000000,11,
20,-8.50000000000000,0.500000000000000,11,
20,-8.50000000000000,1.50000000000000,10,
20,-8.50000000000000,2.50000000000000,9,
20,-8.50000000000000,3.50000000000000,6,
20,-7.50000000000000,-5.50000000000000,7,
20,-7.50000000000000,-4.50000000000000,11,
20,-7.50000000000000,-3.50000000000000,15,
20,-7.50000000000000,-2.50000000000000,18,
20,-7.50000000000000,-1.50000000000000,20,
20,-7.50000000000000,-0.500000000000000,21,
20,-7.50000000000000,0.500000000000000,21,
20,-7.50000000000000,1.50000000000000,20,
20,-7.50000000000000,2.50000000000000,18,
20,-7.50000000000000,3.50000000000000,15,
20,-7.50000000000000,4.50000000000000,11,
20,-7.50000000000000,5.50000000000000,7,
20,-6.50000000000000,-6.50000000000000,7,
20,-6.50000000000000,-5.50000000000000,14,
20,-6.50000000000000,-4.50000000000000,19,
20,-6.50000000000000,-3.50000000000000,23,
20,-6.50000000000000,-2.50000000000000,26,
20,-6.50000000000000,-1.50000000000000,28,
20,-6.50000000000000,-0.500000000000000,29,
20,-6.50000000000000,0.500000000000000,29,
20,-6.50000000000000,1.50000000000000,28,
20,-6.50000000000000,2.50000000000000,26,
20,-6.50000000000000,3.50000000000000,23,
20,-6.50000000000000,4.50000000000000,19,
20,-6.50000000000000,5.50000000000000,14,
20,-6.50000000000000,6.50000000000000,7,
20,-5.50000000000000,-7.50000000000000,7,
20,-5.50000000000000,-6.50000000000000,14,
20,-5.50000000000000,-5.50000000000000,20,
20,-5.50000000000000,-4.50000000000000,25,
20,-5.50000000000000,-3.50000000000000,29,
20,-5.50000000000000,-2.50000000000000,32,
20,-5.50000000000000,-1.50000000000000,34,
20,-5.50000000000000,-0.500000000000000,35,
20,-5.50000000000000,0.500000000000000,35,
20,-5.50000000000000,1.50000000000000,34,
20,-5.50000000000000,2.50000000000000,32,
20,-5.50000000000000,3.50000000000000,29,
20,-5.50000000000000,4.50000000000000,25,
20,-5.50000000000000,5.50000000000000,20,
20,-5.50000000000000,6.50000000000000,14,
20,-5.50000000000000,7.50000000000000,7,
20,-4.50000000000000,-7.50000000000000,11,
20,-4.50000000000000,-6.50000000000000,19,
20,-4.50000000000000,-5.50000000000000,25,
20,-4.50000000000000,-4.50000000000000,30,
20,-4.50000000000000,-3.50000000000000,34,
20,-4.50000000000000,-2.50000000000000,37,
20,-4.50000000000000,-1.50000000000000,39,
20,-4.50000000000000,-0.500000000000000,40,
20,-4.50000000000000,0.500000000000000,40,
20,-4.50000000000000,1.50000000000000,39,
20,-4.50000000000000,2.50000000000000,37,
20,-4.50000000000000,3.50000000000000,34,
20,-4.50000000000000,4.50000000000000,30,
20,-4.50000000000000,5.50000000000000,25,
20,-4.50000000000000,6.50000000000000,19,
20,-4.50000000000000,7.50000000000000,11,
20,-3.50000000000000,-8.50000000000000,6,
20,-3.50000000000000,-7.50000000000000,15,
20,-3.50000000000000,-6.50000000000000,23,
20,-3.50000000000000,-5.50000000000000,29,
20,-3.50000000000000,-4.50000000000000,34,
20,-3.50000000000000,-3.50000000000000,38,
20,-3.50000000000000,-2.50000000000000,41,
20,-3.50000000000000,-1.50000000000000,43,
20,-3.50000000000000,-0.500000000000000,44,
20,-3.50000000000000,0.500000000000000,44,
20,-3.50000000000000,1.50000000000000,43,
20,-3.50000000000000,2.50000000000000,41,
20,-3.50000000000000,3.50000000000000,38,
20,-3.50000000000000,4.50000000000000,34,
20,-3.50000000000000,5.50000000000000,29,
20,-3.50000000000000,6.50000000000000,23,
20,-3.50000000000000,7.50000000000000,15,
20,-3.50000000000000,8.50000000000000,6,
20,-2.50000000000000,-8.50000000000000,9,
20,-2.50000000000000,-7.50000000000000,18,
20,-2.50000000000000,-6.50000000000000,26,
20,-2.50000000000000,-5.50000000000000,32,
20,-2.50000000000000,-4.50000000000000,37,
20,-2.50000000000000,-3.50000000000000,41,
20,-2.50000000000000,-2.50000000000000,44,
20,-2.50000000000000,-1.50000000000000,46,
20,-2.50000000000000,-0.500000000000000,47,
20,-2.50000000000000,0.500000000000000,47,
20,-2.50000000000000,1.50000000000000,46,
20,-2.50000000000000,2.50000000000000,44,
20,-2.50000000000000,3.50000000000000,41,
20,-2.50000000000000,4.50000000000000,37,
20,-2.50000000000000,5.50000000000000,32,
20,-2.50000000000000,6.50000000000000,26,
20,-2.50000000000000,7.50000000000000,18,
20,-2.50000000000000,8.50000000000000,9,
20,-1.50000000000000,-8.50000000000000,10,
20,-1.50000000000000,-7.50000000000000,20,
20,-1.50000000000000,-6.50000000000000,28,
20,-1.50000000000000,-5.50000000000000,34,
20,-1.50000000000000,-4.50000000000000,39,
20,-1.50000000000000,-3.50000000000000,43,
20,-1.50000000000000,-2.50000000000000,46,
20,-1.50000000000000,-1.50000000000000,48,
20,-1.50000000000000,-0.500000000000000,49,
20,-1.50000000000000,0.500000000000000,49,
20,-1.50000000000000,1.50000000000000,48,
20,-1.50000000000000,2.50000000000000,46,
20,-1.50000000000000,3.50000000000000,43,
20,-1.50000000000000,4.50000000000000,39,
20,-1.50000000000000,5.50000000000000,34,
20,-1.50000000000000,6.50000000000000,28,
20,-1.50000000000000,7.50000000000000,20,
20,-1.50000000000000,8.50000000000000,10,
20,-0.500000000000000,-8.50000000000000,11,
20,-0.500000000000000,-7.50000000000000,21,
20,-0.500000000000000,-6.50000000000000,29,
20,-0.500000000000000,-5.50000000000000,35,
20,-0.500000000000000,-4.50000000000000,40,
20,-0.500000000000000,-3.50000000000000,44,
20,-0.500000000000000,-2.50000000000000,47,
20,-0.500000000000000,-1.50000000000000,49,
20,-0.500000000000000,-0.500000000000000,50,
20,-0.500000000000000,0.500000000000000,50,
20,-0.500000000000000,1.50000000000000,49,
20,-0.500000000000000,2.50000000000000,47,
20,-0.500000000000000,3.50000000000000,44,
20,-0.500000000000000,4.50000000000000,40,
20,-0.500000000000000,5.50000000000000,35,
20,-0.500000000000000,6.50000000000000,29,
20,-0.500000000000000,7.50000000000000,21,
20,-0.500000000000000,8.50000000000000,11,
20,0.500000000000000,-8.50000000000000,11,
20,0.500000000000000,-7.50000000000000,21,
20,0.500000000000000,-6.50000000000000,29,
20,0.500000000000000,-5.50000000000000,35,
20,0.500000000000000,-4.50000000000000,40,
20,0.500000000000000,-3.50000000000000,44,
20,0.500000000000000,-2.50000000000000,47,
20,0.500000000000000,-1.50000000000000,49,
20,0.500000000000000,-0.500000000000000,50,
20,0.500000000000000,0.500000000000000,50,
20,0.500000000000000,1.50000000000000,49,
20,0.500000000000000,2.50000000000000,47,
20,0.500000000000000,3.50000000000000,44,
20,0.500000000000000,4.50000000000000,40,
20,0.500000000000000,5.50000000000000,35,
20,0.500000000000000,6.50000000000000,29,
20,0.500000000000000,7.50000000000000,21,
20,0.500000000000000,8.50000000000000,11,
20,1.50000000000000,-8.50000000000000,10,
20,1.50000000000000,-7.50000000000000,20,
20,1.50000000000000,-6.50000000000000,28,
20,1.50000000000000,-5.50000000000000,34,
20,1.50000000000000,-4.50000000000000,39,
20,1.50000000000000,-3.50000000000000,43,
20,1.50000000000000,-2.50000000000000,46,
20,1.50000000000000,-1.50000000000000,48,
20,1.50000000000000,-0.500000000000000,49,
20,1.50000000000000,0.500000000000000,49,
20,1.50000000000000,1.50000000000000,48,
20,1.50000000000000,2.50000000000000,46,
20,1.50000000000000,3.50000000000000,43,
20,1.50000000000000,4.50000000000000,39,
20,1.50000000000000,5.50000000000000,34,
20,1.50000000000000,6.50000000000000,28,
20,1.50000000000000,7.50000000000000,20,
20,1.50000000000000,8.50000000000000,10,
20,2.50000000000000,-8.50000000000000,9,
20,2.50000000000000,-7.50000000000000,18,
20,2.50000000000000,-6.50000000000000,26,
20,2.50000000000000,-5.50000000000000,32,
20,2.50000000000000,-4.50000000000000,37,
20,2.50000000000000,-3.50000000000000,41,
20,2.50000000000000,-2.50000000000000,44,
20,2.50000000000000,-1.50000000000000,46,
20,2.50000000000000,-0.500000000000000,47,
20,2.50000000000000,0.500000000000000,47,
20,2.50000000000000,1.50000000000000,46,
20,2.50000000000000,2.50000000000000,44,
20,2.50000000000000,3.50000000000000,41,
20,2.50000000000000,4.50000000000000,37,
20,2.50000000000000,5.50000000000000,32,
20,2.50000000000000,6.50000000000000,26,
20,2.50000000000000,7.50000000000000,18,
20,2.50000000000000,8.50000000000000,9,
20,3.50000000000000,-8.50000000000000,6,
20,3.50000000000000,-7.50000000000000,15,
20,3.50000000000000,-6.50000000000000,23,
20,3.50000000000000,-5.50000000000000,29,
20,3.50000000000000,-4.50000000000000,34,
20,3.50000000000000,-3.50000000000000,38,
20,3.50000000000000,-2.50000000000000,41,
20,3.50000000000000,-1.50000000000000,43,
20,3.50000000000000,-0.500000000000000,44,
20,3.50000000000000,0.500000000000000,44,
20,3.50000000000000,1.50000000000000,43,
20,3.50000000000000,2.50000000000000,41,
20,3.50000000000000,3.50000000000000,38,
20,3.50000000000000,4.50000000000000,34,
20,3.50000000000000,5.50000000000000,29,
20,3.50000000000000,6.50000000000000,23,
20,3.50000000000000,7.50000000000000,15,
20,3.50000000000000,8.50000000000000,6,
20,4.50000000000000,-7.50000000000000,11,
20,4.50000000000000,-6.50000000000000,19,
20,4.50000000000000,-5.50000000000000,25,
20,4.50000000000000,-4.50000000000000,30,
20,4.50000000000000,-3.50000000000000,34,
20,4.50000000000000,-2.50000000000000,37,
20,4.50000000000000,-1.50000000000000,39,
20,4.50000000000000,-0.500000000000000,40,
20,4.50000000000000,0.500000000000000,40,
20,4.50000000000000,1.50000000000000,39,
20,4.50000000000000,2.50000000000000,37,
20,4.50000000000000,3.50000000000000,34,
20,4.50000000000000,4.50000000000000,30,
20,4.50000000000000,5.50000000000000,25,
20,4.50000000000000,6.50000000000000,19,
20,4.50000000000000,7.50000000000000,11,
20,5.50000000000000,-7.50000000000000,7,
20,5.50000000000000,-6.50000000000000,14,
20,5.50000000000000,-5.50000000000000,20,
20,5.50000000000000,-4.50000000000000,25,
20,5.50000000000000,-3.50000000000000,29,
20,5.50000000000000,-2.50000000000000,32,
20,5.50000000000000,-1.50000000000000,34,
20,5.50000000000000,-0.500000000000000,35,
20,5.50000000000000,0.500000000000000,35,
20,5.50000000000000,1.50000000000000,34,
20,5.50000000000000,2.50000000000000,32,
20,5.50000000000000,3.50000000000000,29,
20,5.50000000000000,4.50000000000000,25,
20,5.50000000000000,5.50000000000000,20,
20,5.50000000000000,6.50000000000000,14,
20,5.50000000000000,7.50000000000000,7,
20,6.50000000000000,-6.50000000000000,7,
20,6.50000000000000,-5.50000000000000,14,
20,6.50000000000000,-4.50000000000000,19,
20,6.50000000000000,-3.50000000000000,23,
20,6.50000000000000,-2.50000000000000,26,
20,6.50000000000000,-1.50000000000000,28,
20,6.50000000000000,-0.500000000000000,29,
20,6.50000000000000,0.500000000000000,29,
20,6.50000000000000,1.50000000000000,28,
20,6.50000000000000,2.50000000000000,26,
20,6.50000000000000,3.50000000000000,23,
20,6.50000000000000,4.50000000000000,19,
20,6.50000000000000,5.50000000000000,14,
20,6.50000000000000,6.50000000000000,7,
20,7.50000000000000,-5.50000000000000,7,
20,7.50000000000000,-4.50000000000000,11,
20,7.50000000000000,-3.50000000000000,15,
20,7.50000000000000,-2.50000000000000,18,
20,7.50000000000000,-1.50000000000000,20,
20,7.50000000000000,-0.500000000000000,21,
20,7.50000000000000,0.500000000000000,21,
20,7.50000000000000,1.50000000000000,20,
20,7.50000000000000,2.50000000000000,18,
20,7.50000000000000,3.50000000000000,15,
20,7.50000000000000,4.50000000000000,11,
20,7.50000000000000,5.50000000000000,7,
20,8.50000000000000,-3.50000000000000,6,
20,8.50000000000000,-2.50000000000000,9,
20,8.50000000000000,-1.50000000000000,10,
20,8.50000000000000,-0.500000000000000,11,
20,8.50000000000000,0.500000000000000,11,
20,8.50000000000000,1.50000000000000,10,
20,8.50000000000000,2.50000000000000,9,
20,8.50000000000000,3.50000000000000,6,
